SubjectNumber,Block,Trial,Time,Key,Exp,Error,Condition
1,1,1,872,1,1,1,1
1,1,2,826,0,0,1,3
1,1,3,882,1,1,1,3
1,1,4,1076,0,0,1,3
1,1,5,568,0,0,1,1
1,1,6,746,0,0,1,2
1,1,7,658,0,0,1,1
1,1,8,716,0,0,1,1
1,1,9,760,1,1,1,2
1,1,10,676,1,1,1,1
1,1,11,940,0,1,0,2
1,1,12,704,1,1,1,1
1,1,13,660,1,1,1,2
1,1,14,596,1,1,1,3
1,1,15,476,1,1,1,1
1,1,16,832,1,1,1,3
1,1,17,664,1,1,1,2
1,1,18,832,1,1,1,2
1,1,19,592,1,0,0,1
1,1,20,912,0,0,1,2
1,1,21,544,0,0,1,1
1,1,22,814,0,0,1,2
1,1,23,1342,0,1,0,3
1,1,24,730,1,1,1,3
1,1,25,588,1,1,1,1
1,1,26,988,0,0,1,3
1,1,27,900,0,0,1,2
1,1,28,700,0,0,1,2
1,1,29,906,0,0,1,3
1,1,30,930,0,0,1,3
1,2,1,1080,0,1,0,3
1,2,2,852,1,1,1,2
1,2,3,674,0,0,1,1
1,2,4,642,1,1,1,3
1,2,5,766,1,1,1,1
1,2,6,524,1,1,1,1
1,2,7,1162,0,1,0,3
1,2,8,568,0,0,1,1
1,2,9,842,0,0,1,2
1,2,10,1632,0,0,1,2
1,2,11,1198,1,1,1,2
1,2,12,784,0,0,1,1
1,2,13,684,1,1,1,1
1,2,14,1276,0,0,1,3
1,2,15,894,0,0,1,2
1,2,16,854,1,1,1,1
1,2,17,676,1,1,1,2
1,2,18,1930,1,1,1,3
1,2,19,1138,1,1,1,1
1,2,20,1380,0,0,1,2
1,2,21,1066,0,0,1,1
1,2,22,1410,0,0,1,3
1,2,23,1526,0,0,1,3
1,2,24,886,1,1,1,2
1,2,25,584,1,1,1,2
1,2,26,744,0,0,1,1
1,2,27,792,0,0,1,2
1,2,28,1618,0,0,1,3
1,2,29,1250,0,0,1,3
1,2,30,1008,1,1,1,3
1,3,1,790,1,1,1,1
1,3,2,1626,1,1,1,3
1,3,3,592,1,1,1,3
1,3,4,1648,0,0,1,3
1,3,5,810,1,1,1,1
1,3,6,668,1,1,1,2
1,3,7,918,0,0,1,2
1,3,8,1044,0,0,1,2
1,3,9,942,1,1,1,1
1,3,10,754,0,0,1,1
1,3,11,842,1,1,1,2
1,3,12,1128,1,1,1,2
1,3,13,1744,0,0,1,3
1,3,14,1964,1,1,1,3
1,3,15,1248,1,1,1,3
1,3,16,662,1,1,1,2
1,3,17,544,1,1,1,3
1,3,18,1852,0,0,1,3
1,3,19,1588,0,0,1,3
1,3,20,1454,0,0,1,3
1,3,21,686,0,0,1,1
1,3,22,692,0,0,1,1
1,3,23,800,0,0,1,1
1,3,24,1364,0,0,1,2
1,3,25,782,0,0,1,1
1,3,26,978,0,0,1,2
1,3,27,1354,0,0,1,2
1,3,28,1038,1,1,1,2
1,3,29,600,1,1,1,1
1,3,30,752,1,1,1,1
1,4,1,822,1,1,1,3
1,4,2,1620,0,0,1,3
1,4,3,986,0,0,1,2
1,4,4,1834,0,0,1,3
1,4,5,908,0,0,1,1
1,4,6,796,1,1,1,3
1,4,7,1190,1,1,1,3
1,4,8,940,0,0,1,2
1,4,9,542,1,1,1,1
1,4,10,1172,0,0,1,3
1,4,11,1384,1,1,1,2
1,4,12,784,1,1,1,2
1,4,13,1108,1,1,1,1
1,4,14,760,0,0,1,1
1,4,15,1526,0,0,1,3
1,4,16,734,1,1,1,1
1,4,17,688,0,0,1,1
1,4,18,864,0,0,1,2
1,4,19,772,0,0,1,2
1,4,20,666,0,0,1,1
1,4,21,1938,0,0,1,3
1,4,22,696,1,1,1,1
1,4,23,1054,1,1,1,3
1,4,24,1398,1,1,1,3
1,4,25,828,1,1,1,1
1,4,26,1588,0,0,1,2
1,4,27,654,1,1,1,2
1,4,28,752,1,1,1,2
1,4,29,632,0,0,1,1
1,4,30,972,1,1,1,2
1,5,1,820,0,0,1,1
1,5,2,900,1,1,1,2
1,5,3,852,0,0,1,2
1,5,4,578,1,1,1,3
1,5,5,1514,0,0,1,3
1,5,6,508,1,1,1,1
1,5,7,548,1,1,1,1
1,5,8,896,0,0,1,2
1,5,9,1240,0,0,1,3
1,5,10,894,1,1,1,2
1,5,11,1142,0,0,1,3
1,5,12,1230,0,0,1,2
1,5,13,708,1,1,1,1
1,5,14,1384,0,0,1,3
1,5,15,800,1,1,1,2
1,5,16,922,0,0,1,2
1,5,17,1040,1,1,1,3
1,5,18,770,1,1,1,3
1,5,19,1016,1,1,1,3
1,5,20,572,1,1,1,1
1,5,21,566,1,1,1,1
1,5,22,504,1,1,1,2
1,5,23,1490,0,0,1,3
1,5,24,854,0,0,1,1
1,5,25,860,1,1,1,3
1,5,26,744,0,0,1,1
1,5,27,680,0,0,1,1
1,5,28,638,1,1,1,2
1,5,29,930,0,0,1,2
1,5,30,760,0,0,1,1
2,1,1,4766,0,0,1,2
2,1,2,1846,1,1,1,3
2,1,3,1918,0,0,1,2
2,1,4,2000,1,1,1,2
2,1,5,2400,0,0,1,1
2,1,6,2632,0,0,1,1
2,1,7,3434,1,1,1,1
2,1,8,1992,0,0,1,2
2,1,9,1090,1,1,1,1
2,1,10,2392,1,1,1,3
2,1,11,4192,0,0,1,3
2,1,12,1154,1,1,1,1
2,1,13,2072,1,1,1,3
2,1,14,2592,0,0,1,3
2,1,15,1574,1,1,1,2
2,1,16,3506,1,1,1,1
2,1,17,1256,1,1,1,2
2,1,18,2844,1,1,1,3
2,1,19,870,1,1,1,3
2,1,20,594,1,1,1,2
2,1,21,2338,0,0,1,3
2,1,22,3174,0,0,1,3
2,1,23,856,0,0,1,2
2,1,24,4286,0,0,1,3
2,1,25,1252,0,0,1,1
2,1,26,1306,0,0,1,1
2,1,27,1712,0,0,1,2
2,1,28,1030,1,1,1,2
2,1,29,1368,0,0,1,1
2,1,30,2152,1,1,1,1
2,2,1,3546,0,0,1,2
2,2,2,1572,1,1,1,3
2,2,3,3774,1,0,0,1
2,2,4,2500,1,1,1,1
2,2,5,2024,1,1,1,3
2,2,6,2376,1,1,1,1
2,2,7,6250,0,0,1,2
2,2,8,1466,0,0,1,1
2,2,9,1776,1,1,1,2
2,2,10,768,1,1,1,1
2,2,11,1598,1,1,1,2
2,2,12,4968,0,0,1,2
2,2,13,2850,0,0,1,3
2,2,14,2702,0,0,1,3
2,2,15,1120,0,0,1,1
2,2,16,906,1,1,1,1
2,2,17,1906,1,1,1,2
2,2,18,1830,0,0,1,3
2,2,19,1438,0,1,0,3
2,2,20,2072,1,1,1,2
2,2,21,3370,0,0,1,2
2,2,22,1374,0,0,1,1
2,2,23,2134,0,0,1,2
2,2,24,3258,0,0,1,1
2,2,25,1258,1,1,1,2
2,2,26,800,1,1,1,1
2,2,27,922,1,1,1,3
2,2,28,1000,1,1,1,3
2,2,29,4846,0,0,1,3
2,2,30,3022,0,0,1,3
2,3,1,3498,0,0,1,3
2,3,2,3618,0,0,1,1
2,3,3,3918,0,0,1,3
2,3,4,3238,0,0,1,2
2,3,5,2104,1,1,1,3
2,3,6,1214,1,1,1,2
2,3,7,2742,0,0,1,2
2,3,8,5172,0,0,1,2
2,3,9,3282,1,1,1,3
2,3,10,1744,1,1,1,3
2,3,11,4898,1,1,1,2
2,3,12,2716,0,0,1,3
2,3,13,996,1,1,1,1
2,3,14,3842,0,0,1,3
2,3,15,3622,1,1,1,3
2,3,16,3210,0,0,1,3
2,3,17,1082,1,1,1,3
2,3,18,3838,0,0,1,1
2,3,19,1540,1,1,1,1
2,3,20,1964,1,1,1,1
2,3,21,1696,0,0,1,2
2,3,22,1224,1,1,1,2
2,3,23,1150,1,1,1,2
2,3,24,1766,0,0,1,1
2,3,25,1430,0,0,1,1
2,3,26,928,1,1,1,1
2,3,27,2054,1,1,1,1
2,3,28,2872,1,1,1,2
2,3,29,5224,0,0,1,2
2,3,30,1690,0,0,1,1
2,4,1,3848,0,0,1,3
2,4,2,3204,1,1,1,2
2,4,3,1858,1,1,1,1
2,4,4,1816,1,1,1,2
2,4,5,1284,1,1,1,2
2,4,6,2398,0,0,1,1
2,4,7,3742,0,0,1,3
2,4,8,3588,0,0,1,3
2,4,9,2396,0,0,1,2
2,4,10,1428,1,1,1,3
2,4,11,4392,0,1,0,3
2,4,12,3604,1,1,1,2
2,4,13,5442,0,0,1,3
2,4,14,3566,0,0,1,2
2,4,15,3376,1,1,1,3
2,4,16,4484,0,0,1,2
2,4,17,1598,1,1,1,2
2,4,18,1232,0,0,1,1
2,4,19,934,1,1,1,1
2,4,20,644,1,1,1,1
2,4,21,4446,1,1,1,3
2,4,22,1134,1,1,1,1
2,4,23,6264,0,0,1,2
2,4,24,1792,0,0,1,1
2,4,25,2318,0,0,1,1
2,4,26,2822,1,1,1,3
2,4,27,2332,0,0,1,1
2,4,28,5130,0,0,1,3
2,4,29,2852,1,1,1,1
2,4,30,3868,0,0,1,2
2,5,1,2146,1,1,1,3
2,5,2,3734,1,1,1,2
2,5,3,4510,0,0,1,3
2,5,4,1728,0,0,1,1
2,5,5,1052,1,1,1,3
2,5,6,2694,0,1,0,3
2,5,7,1870,1,1,1,2
2,5,8,4782,0,0,1,1
2,5,9,4644,0,0,1,1
2,5,10,6064,0,0,1,3
2,5,11,2596,0,0,1,2
2,5,12,1822,1,1,1,2
2,5,13,1736,0,0,1,2
2,5,14,3830,0,0,1,2
2,5,15,2074,1,1,1,1
2,5,16,1452,1,1,1,2
2,5,17,5924,0,0,1,3
2,5,18,1582,0,0,1,2
2,5,19,1762,0,0,1,2
2,5,20,938,0,0,1,1
2,5,21,1192,1,1,1,1
2,5,22,2316,1,1,1,1
2,5,23,2580,1,1,1,3
2,5,24,1866,0,0,1,1
2,5,25,2248,1,1,1,3
2,5,26,3608,1,1,1,2
2,5,27,3340,0,0,1,3
2,5,28,756,1,1,1,1
2,5,29,1586,1,1,1,1
2,5,30,4124,0,0,1,3
3,1,1,1228,0,0,1,2
3,1,2,1340,1,1,1,2
3,1,3,2936,1,1,1,3
3,1,4,1194,0,0,1,1
3,1,5,1252,1,1,1,1
3,1,6,1304,0,0,1,1
3,1,7,1712,0,0,1,1
3,1,8,1830,1,1,1,1
3,1,9,2726,1,1,1,3
3,1,10,1614,0,0,1,1
3,1,11,3452,0,0,1,3
3,1,12,1850,1,1,1,2
3,1,13,2042,0,0,1,3
3,1,14,1878,1,1,1,1
3,1,15,2362,0,0,1,1
3,1,16,1910,1,1,1,1
3,1,17,1616,1,1,1,3
3,1,18,2208,0,0,1,3
3,1,19,1658,1,1,1,3
3,1,20,1856,0,0,1,2
3,1,21,2422,1,1,1,1
3,1,22,1804,0,0,1,2
3,1,23,3418,0,0,1,3
3,1,24,2218,0,0,1,2
3,1,25,2006,1,1,1,2
3,1,26,3830,0,0,1,3
3,1,27,1582,0,0,1,2
3,1,28,1938,1,1,1,2
3,1,29,3800,1,1,1,3
3,1,30,906,1,1,1,2
3,2,1,4256,0,0,1,3
3,2,2,2316,1,1,1,2
3,2,3,1380,1,1,1,2
3,2,4,1476,0,0,1,1
3,2,5,1986,0,0,1,1
3,2,6,876,1,1,1,1
3,2,7,2296,0,0,1,2
3,2,8,2306,1,1,1,3
3,2,9,1402,1,1,1,1
3,2,10,1734,0,0,1,1
3,2,11,2786,0,0,1,2
3,2,12,1786,1,1,1,3
3,2,13,2818,0,0,1,2
3,2,14,728,1,1,1,3
3,2,15,1288,1,1,1,1
3,2,16,1442,1,1,1,3
3,2,17,3788,1,1,1,2
3,2,18,3582,0,0,1,3
3,2,19,2942,0,0,1,3
3,2,20,902,0,0,1,1
3,2,21,3240,1,1,1,1
3,2,22,1082,0,0,1,2
3,2,23,2456,0,0,1,3
3,2,24,1730,0,0,1,2
3,2,25,752,1,1,1,1
3,2,26,1150,1,1,1,3
3,2,27,3710,0,0,1,3
3,2,28,922,1,1,1,2
3,2,29,1216,0,0,1,1
3,2,30,1440,1,1,1,2
3,3,1,2098,1,1,1,3
3,3,2,1464,1,1,1,1
3,3,3,6448,0,0,1,1
3,3,4,2412,0,0,1,3
3,3,5,4914,0,0,1,1
3,3,6,2314,0,0,1,3
3,3,7,948,0,0,1,1
3,3,8,2998,1,1,1,2
3,3,9,1632,0,0,1,3
3,3,10,2032,0,0,1,3
3,3,11,1876,0,1,0,3
3,3,12,2090,0,0,1,2
3,3,13,1098,1,1,1,1
3,3,14,4086,0,0,1,3
3,3,15,1034,1,1,1,2
3,3,16,4878,0,0,1,2
3,3,17,1594,0,0,1,1
3,3,18,3130,1,1,1,2
3,3,19,1680,0,0,1,2
3,3,20,1146,1,1,1,3
3,3,21,1858,1,1,1,3
3,3,22,704,1,1,1,1
3,3,23,1516,0,0,1,2
3,3,24,1772,1,1,1,1
3,3,25,1660,0,0,1,2
3,3,26,2584,1,1,1,3
3,3,27,1076,0,0,1,1
3,3,28,866,1,1,1,2
3,3,29,1056,1,1,1,2
3,3,30,880,1,1,1,1
3,4,1,4486,0,0,1,3
3,4,2,3736,0,0,1,3
3,4,3,2536,0,0,1,3
3,4,4,2834,0,0,1,1
3,4,5,3782,0,0,1,3
3,4,6,1314,1,1,1,1
3,4,7,3102,0,0,1,2
3,4,8,3680,1,1,1,3
3,4,9,2150,0,0,1,2
3,4,10,1048,1,1,1,2
3,4,11,2218,0,0,1,1
3,4,12,3586,1,1,1,3
3,4,13,634,1,1,1,2
3,4,14,1334,1,1,1,3
3,4,15,1530,0,0,1,2
3,4,16,1860,1,1,1,1
3,4,17,1442,1,1,1,3
3,4,18,3106,1,1,1,1
3,4,19,2170,1,1,1,3
3,4,20,2466,0,0,1,2
3,4,21,4370,0,0,1,3
3,4,22,1490,0,0,1,1
3,4,23,1006,0,0,1,1
3,4,24,1626,1,1,1,1
3,4,25,1010,1,1,1,2
3,4,26,1414,1,1,1,2
3,4,27,852,0,0,1,1
3,4,28,1848,1,1,1,1
3,4,29,2302,1,1,1,2
3,4,30,1144,0,0,1,2
3,5,1,2216,0,1,0,2
3,5,2,2738,0,0,1,2
3,5,3,1424,1,1,1,3
3,5,4,1532,0,1,0,2
3,5,5,1868,0,0,1,1
3,5,6,3402,0,0,1,3
3,5,7,5030,0,0,1,3
3,5,8,2986,0,0,1,2
3,5,9,1182,1,1,1,2
3,5,10,986,1,1,1,3
3,5,11,2640,0,0,1,2
3,5,12,5016,0,0,1,3
3,5,13,926,0,0,1,1
3,5,14,1804,0,0,1,3
3,5,15,2128,1,1,1,3
3,5,16,1148,0,0,1,1
3,5,17,1180,1,1,1,2
3,5,18,2158,0,0,1,2
3,5,19,1000,1,1,1,2
3,5,20,1254,1,1,1,3
3,5,21,626,1,1,1,1
3,5,22,3502,0,0,1,1
3,5,23,974,1,1,1,1
3,5,24,990,0,0,1,2
3,5,25,2884,0,0,1,1
3,5,26,3996,1,1,1,3
3,5,27,1504,1,1,1,1
3,5,28,2828,0,0,1,3
3,5,29,1112,1,1,1,1
3,5,30,2090,1,1,1,1
4,1,1,1062,0,0,1,1
4,1,2,758,0,0,1,1
4,1,3,990,0,0,1,1
4,1,4,942,1,1,1,3
4,1,5,812,1,1,1,1
4,1,6,1348,0,0,1,3
4,1,7,1126,1,1,1,2
4,1,8,1744,0,0,1,3
4,1,9,938,0,0,1,2
4,1,10,784,0,0,1,1
4,1,11,1270,0,0,1,2
4,1,12,944,0,0,1,2
4,1,13,782,1,1,1,3
4,1,14,858,0,0,1,2
4,1,15,742,1,1,1,1
4,1,16,760,1,1,1,2
4,1,17,1496,1,1,1,3
4,1,18,1340,0,0,1,3
4,1,19,664,1,1,1,2
4,1,20,944,0,0,1,2
4,1,21,1852,0,0,1,3
4,1,22,964,1,1,1,3
4,1,23,660,1,1,1,2
4,1,24,742,1,1,1,2
4,1,25,1086,1,1,1,3
4,1,26,852,0,0,1,1
4,1,27,1610,0,0,1,3
4,1,28,874,1,1,1,1
4,1,29,900,1,1,1,1
4,1,30,614,1,1,1,1
4,2,1,716,1,1,1,1
4,2,2,950,1,1,1,2
4,2,3,1370,0,1,0,3
4,2,4,836,1,1,1,1
4,2,5,1122,1,1,1,3
4,2,6,1116,1,1,1,1
4,2,7,1710,0,0,1,3
4,2,8,1260,0,0,1,2
4,2,9,896,0,0,1,1
4,2,10,1504,1,1,1,3
4,2,11,1028,0,0,1,1
4,2,12,934,0,0,1,1
4,2,13,914,0,0,1,1
4,2,14,1216,0,0,1,1
4,2,15,800,1,1,1,2
4,2,16,1172,0,0,1,2
4,2,17,1080,1,1,1,2
4,2,18,1608,0,0,1,3
4,2,19,1280,0,0,1,2
4,2,20,1306,1,1,1,3
4,2,21,568,1,1,1,1
4,2,22,1234,1,1,1,3
4,2,23,1800,0,0,1,3
4,2,24,972,0,0,1,2
4,2,25,1358,0,0,1,2
4,2,26,654,1,1,1,1
4,2,27,1888,0,0,1,3
4,2,28,1420,1,1,1,2
4,2,29,1192,1,1,1,2
4,2,30,1812,0,0,1,3
4,3,1,1880,1,1,1,3
4,3,2,972,0,0,1,1
4,3,3,1126,1,1,1,2
4,3,4,766,1,1,1,3
4,3,5,1708,0,0,1,3
4,3,6,978,0,0,1,1
4,3,7,1682,0,0,1,3
4,3,8,884,1,1,1,2
4,3,9,1310,0,0,1,2
4,3,10,844,0,0,1,2
4,3,11,610,1,1,1,1
4,3,12,1240,0,0,1,2
4,3,13,590,1,1,1,1
4,3,14,1398,0,0,1,2
4,3,15,788,0,0,1,1
4,3,16,1630,0,0,1,3
4,3,17,1798,0,0,1,3
4,3,18,1418,1,1,1,2
4,3,19,702,1,1,1,1
4,3,20,780,1,1,1,3
4,3,21,992,1,1,1,2
4,3,22,488,1,1,1,1
4,3,23,994,1,1,1,3
4,3,24,1002,1,1,1,3
4,3,25,904,1,1,1,2
4,3,26,944,0,0,1,1
4,3,27,1540,0,0,1,3
4,3,28,1708,0,0,1,2
4,3,29,1000,0,1,0,1
4,3,30,1190,0,0,1,1
4,4,1,1638,1,1,1,3
4,4,2,1124,1,1,1,2
4,4,3,1190,1,1,1,3
4,4,4,930,1,1,1,1
4,4,5,1734,0,0,1,3
4,4,6,706,1,1,1,1
4,4,7,1926,0,0,1,3
4,4,8,1086,0,0,1,2
4,4,9,964,0,0,1,2
4,4,10,814,1,1,1,3
4,4,11,1446,0,0,1,2
4,4,12,648,0,1,0,1
4,4,13,1106,1,1,1,3
4,4,14,726,0,0,1,1
4,4,15,1760,0,0,1,3
4,4,16,2064,0,0,1,3
4,4,17,930,1,1,1,1
4,4,18,944,0,0,1,1
4,4,19,1772,0,0,1,3
4,4,20,1156,0,0,1,1
4,4,21,740,0,0,1,1
4,4,22,892,1,1,1,2
4,4,23,980,1,1,1,2
4,4,24,854,1,1,1,1
4,4,25,884,1,1,1,3
4,4,26,1262,0,0,1,2
4,4,27,1016,1,1,1,2
4,4,28,814,1,1,1,2
4,4,29,1184,0,0,1,1
4,4,30,1450,0,0,1,2
4,5,1,1200,1,1,1,3
4,5,2,732,1,1,1,1
4,5,3,852,1,1,1,2
4,5,4,1738,0,1,0,3
4,5,5,2404,0,0,1,3
4,5,6,1922,0,0,1,3
4,5,7,1988,1,1,1,3
4,5,8,924,1,1,1,1
4,5,9,1444,0,0,1,2
4,5,10,972,0,0,1,1
4,5,11,1262,0,0,1,2
4,5,12,856,1,1,1,1
4,5,13,1198,1,1,1,2
4,5,14,1064,1,1,1,3
4,5,15,2304,0,0,1,3
4,5,16,1244,0,0,1,2
4,5,17,1176,0,0,1,2
4,5,18,2244,0,0,1,3
4,5,19,1124,1,1,1,2
4,5,20,820,0,0,1,1
4,5,21,750,0,0,1,1
4,5,22,1758,0,1,0,3
4,5,23,1670,1,1,1,2
4,5,24,992,1,1,1,1
4,5,25,728,1,1,1,2
4,5,26,1426,0,0,1,2
4,5,27,886,1,1,1,1
4,5,28,1000,0,0,1,1
4,5,29,2110,0,0,1,3
4,5,30,1178,0,0,1,1
5,1,1,1318,0,0,1,2
5,1,2,1052,1,1,1,2
5,1,3,1348,0,0,1,1
5,1,4,824,1,1,1,1
5,1,5,1296,0,0,1,3
5,1,6,712,1,1,1,1
5,1,7,1122,0,0,1,1
5,1,8,1350,0,0,1,2
5,1,9,1912,0,1,0,2
5,1,10,1618,0,0,1,2
5,1,11,762,1,1,1,1
5,1,12,1520,0,0,1,3
5,1,13,1090,1,1,1,3
5,1,14,1526,1,1,1,3
5,1,15,686,0,0,1,1
5,1,16,1270,1,1,1,3
5,1,17,1704,0,0,1,3
5,1,18,1232,1,1,1,1
5,1,19,1774,0,0,1,3
5,1,20,1126,1,1,1,2
5,1,21,990,0,0,1,1
5,1,22,910,1,1,1,2
5,1,23,1204,1,1,1,2
5,1,24,854,1,1,1,3
5,1,25,1524,0,0,1,2
5,1,26,852,1,1,1,1
5,1,27,1818,1,1,1,3
5,1,28,1062,0,0,1,2
5,1,29,1174,0,0,1,1
5,1,30,1992,0,0,1,3
5,2,1,2254,0,0,1,2
5,2,2,1524,0,1,0,3
5,2,3,1492,1,1,1,2
5,2,4,1480,1,1,1,2
5,2,5,1172,1,1,1,1
5,2,6,1994,0,0,1,2
5,2,7,2362,0,0,1,3
5,2,8,1654,0,0,1,3
5,2,9,1122,1,1,1,2
5,2,10,1692,1,1,1,3
5,2,11,1020,0,0,1,1
5,2,12,1400,0,0,1,3
5,2,13,1078,1,1,1,3
5,2,14,964,0,0,1,1
5,2,15,1486,0,0,1,3
5,2,16,868,1,1,1,2
5,2,17,712,1,1,1,1
5,2,18,1028,0,0,1,2
5,2,19,2358,1,1,1,3
5,2,20,1978,1,1,1,1
5,2,21,1342,0,0,1,2
5,2,22,880,0,1,0,1
5,2,23,3148,0,0,1,3
5,2,24,2032,0,0,1,2
5,2,25,1196,0,0,1,1
5,2,26,2702,1,1,1,2
5,2,27,1552,1,1,1,3
5,2,28,1830,0,0,1,1
5,2,29,1552,1,1,1,1
5,2,30,1054,0,0,1,1
5,3,1,2578,0,0,1,3
5,3,2,1576,1,1,1,2
5,3,3,812,0,0,1,1
5,3,4,2910,1,1,1,3
5,3,5,1618,0,0,1,2
5,3,6,1128,0,0,1,2
5,3,7,754,0,0,1,1
5,3,8,888,0,0,1,1
5,3,9,1298,1,1,1,2
5,3,10,1720,1,1,1,1
5,3,11,1782,0,0,1,3
5,3,12,2084,1,1,1,1
5,3,13,1180,1,1,1,2
5,3,14,1986,1,1,1,1
5,3,15,1548,0,0,1,1
5,3,16,1106,0,0,1,2
5,3,17,1976,0,0,1,3
5,3,18,1122,0,1,0,1
5,3,19,2098,1,1,1,3
5,3,20,4018,0,0,1,3
5,3,21,1332,0,0,1,3
5,3,22,2088,0,1,0,3
5,3,23,2736,1,1,1,3
5,3,24,1998,0,0,1,1
5,3,25,1966,0,0,1,2
5,3,26,2036,0,0,1,2
5,3,27,1370,1,1,1,1
5,3,28,922,1,1,1,2
5,3,29,1922,1,1,1,3
5,3,30,2042,1,1,1,2
5,4,1,2794,0,0,1,3
5,4,2,2064,0,0,1,2
5,4,3,1916,0,0,1,2
5,4,4,1284,0,0,1,1
5,4,5,2294,1,1,1,1
5,4,6,1738,1,1,1,2
5,4,7,1278,0,0,1,1
5,4,8,2030,0,0,1,2
5,4,9,2004,0,0,1,2
5,4,10,2940,0,0,1,3
5,4,11,1132,1,1,1,1
5,4,12,1268,0,0,1,2
5,4,13,2514,1,1,1,3
5,4,14,3006,0,0,1,3
5,4,15,1232,0,0,1,1
5,4,16,2144,1,1,1,2
5,4,17,1720,0,0,1,3
5,4,18,1188,1,1,1,1
5,4,19,3920,0,0,1,3
5,4,20,1326,1,1,1,3
5,4,21,1410,0,0,1,1
5,4,22,1800,1,1,1,2
5,4,23,2252,1,1,1,3
5,4,24,1218,1,1,1,2
5,4,25,1426,1,1,1,3
5,4,26,1612,1,1,1,1
5,4,27,814,1,1,1,1
5,4,28,2390,1,1,1,3
5,4,29,1814,0,0,1,1
5,4,30,1674,1,1,1,2
5,5,1,2010,1,1,1,3
5,5,2,1112,0,0,1,1
5,5,3,1738,0,0,1,2
5,5,4,726,1,1,1,1
5,5,5,3150,1,1,1,3
5,5,6,816,1,1,1,2
5,5,7,1178,1,1,1,2
5,5,8,2366,0,0,1,2
5,5,9,1282,1,1,1,1
5,5,10,2660,1,1,1,3
5,5,11,1378,1,1,1,1
5,5,12,3568,0,0,1,3
5,5,13,1162,0,0,1,1
5,5,14,1110,0,0,1,2
5,5,15,1248,0,0,1,2
5,5,16,2214,1,1,1,3
5,5,17,800,1,1,1,1
5,5,18,1026,0,0,1,2
5,5,19,3488,0,0,1,3
5,5,20,1656,0,0,1,3
5,5,21,2156,0,0,1,3
5,5,22,812,0,0,1,1
5,5,23,974,1,1,1,2
5,5,24,1438,0,0,1,1
5,5,25,2672,0,0,1,1
5,5,26,1092,1,1,1,1
5,5,27,1338,1,1,1,3
5,5,28,886,0,1,0,2
5,5,29,3152,0,0,1,3
5,5,30,1236,1,1,1,2
6,1,1,2074,0,0,1,1
6,1,2,1506,0,0,1,1
6,1,3,3262,1,0,0,3
6,1,4,926,0,0,1,1
6,1,5,1508,0,0,1,1
6,1,6,830,0,0,1,1
6,1,7,798,1,1,1,1
6,1,8,1968,0,0,1,2
6,1,9,2828,0,0,1,3
6,1,10,2440,1,1,1,3
6,1,11,1180,1,1,1,2
6,1,12,2254,1,1,1,2
6,1,13,1780,1,1,1,1
6,1,14,1604,1,1,1,3
6,1,15,1222,1,1,1,1
6,1,16,2702,0,0,1,2
6,1,17,2200,1,1,1,3
6,1,18,2124,0,0,1,2
6,1,19,2882,1,1,1,3
6,1,20,1752,0,0,1,2
6,1,21,2882,0,0,1,3
6,1,22,1112,1,1,1,2
6,1,23,1548,0,0,1,2
6,1,24,1330,1,1,1,1
6,1,25,1680,1,1,1,2
6,1,26,3240,0,0,1,3
6,1,27,1034,1,1,1,3
6,1,28,1318,1,1,1,2
6,1,29,988,1,1,1,1
6,1,30,2996,0,0,1,3
6,2,1,1056,1,1,1,1
6,2,2,1840,1,1,1,3
6,2,3,1530,0,0,1,2
6,2,4,4010,0,0,1,3
6,2,5,1118,1,1,1,1
6,2,6,1658,0,0,1,2
6,2,7,3556,0,0,1,3
6,2,8,846,0,0,1,1
6,2,9,1620,1,1,1,3
6,2,10,3052,0,0,1,3
6,2,11,2674,0,0,1,1
6,2,12,1102,1,1,1,2
6,2,13,978,1,1,1,1
6,2,14,1562,0,0,1,2
6,2,15,984,1,1,1,1
6,2,16,2960,0,0,1,2
6,2,17,750,1,1,1,2
6,2,18,926,0,0,1,1
6,2,19,1394,1,1,1,2
6,2,20,1042,1,1,1,3
6,2,21,2780,0,0,1,3
6,2,22,1148,0,0,1,1
6,2,23,1244,1,1,1,1
6,2,24,1280,1,1,1,2
6,2,25,2130,0,0,1,2
6,2,26,1198,0,0,1,1
6,2,27,1120,1,1,1,2
6,2,28,1202,1,1,1,3
6,2,29,3116,0,0,1,3
6,2,30,1804,1,1,1,3
6,3,1,3302,0,0,1,3
6,3,2,1026,1,1,1,1
6,3,3,2684,0,0,1,2
6,3,4,2856,1,1,1,3
6,3,5,1896,0,0,1,1
6,3,6,828,1,1,1,3
6,3,7,1386,0,0,1,2
6,3,8,1146,1,1,1,3
6,3,9,1720,0,0,1,2
6,3,10,1206,0,0,1,1
6,3,11,2262,0,0,1,3
6,3,12,1652,1,1,1,2
6,3,13,1024,1,1,1,2
6,3,14,2308,1,1,1,3
6,3,15,2460,0,0,1,3
6,3,16,1470,1,1,1,2
6,3,17,982,1,1,1,1
6,3,18,1270,0,0,1,2
6,3,19,2258,1,1,1,2
6,3,20,1536,1,1,1,1
6,3,21,1242,0,0,1,1
6,3,22,2320,0,0,1,2
6,3,23,1672,0,0,1,1
6,3,24,3536,0,0,1,3
6,3,25,1278,1,1,1,1
6,3,26,2848,1,1,1,3
6,3,27,1474,1,1,1,2
6,3,28,1496,0,0,1,1
6,3,29,946,1,1,1,1
6,3,30,3302,0,0,1,3
6,4,1,890,0,0,1,1
6,4,2,796,1,1,1,1
6,4,3,2664,1,1,1,3
6,4,4,2604,0,0,1,2
6,4,5,1806,1,1,1,2
6,4,6,1196,0,0,1,1
6,4,7,1180,0,0,1,1
6,4,8,1088,1,1,1,1
6,4,9,1684,0,0,1,2
6,4,10,950,0,0,1,1
6,4,11,834,0,0,1,1
6,4,12,1850,0,0,1,2
6,4,13,2394,0,0,1,3
6,4,14,3274,0,0,1,2
6,4,15,880,1,1,1,1
6,4,16,1634,1,1,1,2
6,4,17,3664,0,0,1,3
6,4,18,760,1,1,1,2
6,4,19,888,1,1,1,1
6,4,20,2498,0,0,1,3
6,4,21,1552,1,1,1,2
6,4,22,1806,0,0,1,2
6,4,23,2900,0,0,1,3
6,4,24,760,1,1,1,1
6,4,25,2560,1,1,1,3
6,4,26,3792,1,1,1,3
6,4,27,3314,0,1,0,3
6,4,28,1940,1,1,1,3
6,4,29,1474,1,1,1,2
6,4,30,2776,0,0,1,3
6,5,1,1796,0,0,1,1
6,5,2,840,1,1,1,2
6,5,3,2910,0,0,1,3
6,5,4,3098,1,1,1,3
6,5,5,1610,1,1,1,2
6,5,6,1434,1,0,0,1
6,5,7,4012,0,0,1,2
6,5,8,4016,0,0,1,3
6,5,9,1268,0,0,1,1
6,5,10,1582,1,1,1,1
6,5,11,3058,0,0,1,2
6,5,12,1696,1,1,1,2
6,5,13,1158,0,0,1,1
6,5,14,4764,0,0,1,3
6,5,15,812,1,1,1,2
6,5,16,2812,0,0,1,2
6,5,17,1202,1,1,1,1
6,5,18,3364,0,0,1,3
6,5,19,2090,0,0,1,2
6,5,20,1906,0,1,0,3
6,5,21,2636,1,1,1,2
6,5,22,1060,1,1,1,3
6,5,23,1588,1,1,1,3
6,5,24,1158,1,1,1,1
6,5,25,1102,1,1,1,1
6,5,26,2498,0,0,1,2
6,5,27,1512,0,0,1,1
6,5,28,2746,0,0,1,3
6,5,29,1046,1,1,1,3
6,5,30,1138,1,1,1,1
7,1,1,3468,1,1,1,3
7,1,2,1854,1,1,1,2
7,1,3,1926,1,1,1,3
7,1,4,1542,1,1,1,3
7,1,5,1094,1,1,1,2
7,1,6,1474,1,1,1,2
7,1,7,3648,0,0,1,2
7,1,8,1624,0,0,1,1
7,1,9,3016,0,0,1,3
7,1,10,3272,1,1,1,2
7,1,11,978,1,1,1,1
7,1,12,1090,0,0,1,1
7,1,13,1814,1,1,1,1
7,1,14,3266,0,0,1,3
7,1,15,2666,1,1,1,2
7,1,16,2640,0,0,1,2
7,1,17,1056,1,1,1,1
7,1,18,1226,1,1,1,1
7,1,19,1784,1,1,1,3
7,1,20,1086,0,0,1,1
7,1,21,3596,0,0,1,3
7,1,22,2242,0,0,1,2
7,1,23,1666,0,0,1,2
7,1,24,1516,0,0,1,1
7,1,25,2644,1,0,0,1
7,1,26,5884,1,1,1,3
7,1,27,4890,0,0,1,3
7,1,28,4172,0,0,1,3
7,1,29,2286,0,0,1,2
7,1,30,994,1,1,1,1
7,2,1,1622,1,1,1,2
7,2,2,1116,0,0,1,1
7,2,3,2088,1,1,1,2
7,2,4,1736,0,0,1,1
7,2,5,4458,0,0,1,3
7,2,6,1690,0,0,1,1
7,2,7,2586,0,0,1,2
7,2,8,1670,1,1,1,3
7,2,9,1888,0,0,1,1
7,2,10,1586,1,1,1,3
7,2,11,1438,1,1,1,1
7,2,12,1310,1,1,1,2
7,2,13,966,1,1,1,2
7,2,14,1968,0,0,1,2
7,2,15,2140,0,0,1,2
7,2,16,1550,1,1,1,1
7,2,17,1334,1,1,1,1
7,2,18,1202,1,1,1,1
7,2,19,2068,0,0,1,3
7,2,20,1494,1,1,1,3
7,2,21,2282,1,1,1,2
7,2,22,1582,0,0,1,2
7,2,23,1298,0,0,1,1
7,2,24,4770,0,0,1,3
7,2,25,2752,1,1,1,1
7,2,26,2454,1,1,1,3
7,2,27,2256,0,0,1,2
7,2,28,2622,0,0,1,3
7,2,29,1592,1,1,1,3
7,2,30,3402,0,0,1,3
7,3,1,1576,1,1,1,2
7,3,2,2314,0,0,1,1
7,3,3,1828,1,1,1,2
7,3,4,1348,0,0,1,2
7,3,5,968,1,1,1,3
7,3,6,1040,0,0,1,1
7,3,7,900,1,1,1,1
7,3,8,860,0,0,1,1
7,3,9,3758,1,1,1,3
7,3,10,1526,1,1,1,2
7,3,11,1318,1,1,1,1
7,3,12,1148,0,0,1,2
7,3,13,2484,1,1,1,3
7,3,14,1684,0,0,1,2
7,3,15,2684,0,0,1,3
7,3,16,808,1,1,1,2
7,3,17,2386,0,0,1,3
7,3,18,788,1,1,1,1
7,3,19,1536,1,1,1,1
7,3,20,1544,1,1,1,2
7,3,21,1790,0,0,1,3
7,3,22,2036,0,0,1,1
7,3,23,2352,0,0,1,3
7,3,24,926,1,1,1,3
7,3,25,1530,0,0,1,2
7,3,26,1404,1,1,1,3
7,3,27,1840,0,0,1,2
7,3,28,1658,0,0,1,1
7,3,29,1054,1,1,1,1
7,3,30,1958,0,0,1,3
7,4,1,1516,1,1,1,3
7,4,2,748,0,0,1,1
7,4,3,2004,0,0,1,3
7,4,4,1182,1,1,1,1
7,4,5,2138,0,0,1,2
7,4,6,1228,0,0,1,3
7,4,7,1314,1,1,1,3
7,4,8,2122,1,1,1,2
7,4,9,1222,0,0,1,1
7,4,10,2308,1,1,1,3
7,4,11,3014,0,0,1,3
7,4,12,1848,0,0,1,3
7,4,13,1208,1,1,1,2
7,4,14,1136,0,0,1,2
7,4,15,1336,0,0,1,1
7,4,16,2054,1,1,1,3
7,4,17,1104,0,0,1,2
7,4,18,1484,0,0,1,2
7,4,19,1338,1,1,1,3
7,4,20,3188,0,0,1,2
7,4,21,788,1,1,1,2
7,4,22,912,1,1,1,1
7,4,23,1256,0,0,1,1
7,4,24,1516,1,1,1,2
7,4,25,1166,1,1,1,2
7,4,26,924,1,1,1,1
7,4,27,714,1,1,1,1
7,4,28,860,0,0,1,1
7,4,29,784,1,1,1,1
7,4,30,1964,0,0,1,3
7,5,1,1012,1,1,1,2
7,5,2,934,1,1,1,1
7,5,3,1268,0,0,1,2
7,5,4,1150,1,1,1,3
7,5,5,1150,0,0,1,2
7,5,6,1046,0,0,1,1
7,5,7,2478,0,0,1,3
7,5,8,1166,0,0,1,1
7,5,9,740,0,0,1,1
7,5,10,908,1,1,1,1
7,5,11,1138,1,1,1,2
7,5,12,1754,0,0,1,3
7,5,13,1788,0,0,1,3
7,5,14,866,1,1,1,1
7,5,15,766,0,0,1,1
7,5,16,1068,0,0,1,2
7,5,17,1420,1,1,1,3
7,5,18,1304,0,1,0,1
7,5,19,2104,0,0,1,2
7,5,20,1150,1,1,1,2
7,5,21,1902,0,0,1,3
7,5,22,1266,1,1,1,2
7,5,23,742,1,1,1,1
7,5,24,1134,1,1,1,3
7,5,25,1360,0,0,1,3
7,5,26,1432,0,1,0,2
7,5,27,1466,0,0,1,1
7,5,28,2738,1,1,1,3
7,5,29,2696,0,0,1,2
7,5,30,2608,1,1,1,3
8,1,1,1344,1,1,1,1
8,1,2,2650,1,1,1,3
8,1,3,1016,0,0,1,1
8,1,4,2820,1,1,1,2
8,1,5,1642,0,0,1,2
8,1,6,1358,0,0,1,1
8,1,7,2576,1,1,1,1
8,1,8,4150,0,0,1,3
8,1,9,1894,0,0,1,2
8,1,10,4048,0,1,0,3
8,1,11,7928,0,0,1,3
8,1,12,5884,1,1,1,2
8,1,13,938,1,1,1,3
8,1,14,2214,0,0,1,2
8,1,15,5592,0,0,1,3
8,1,16,4044,0,0,1,2
8,1,17,1014,1,1,1,2
8,1,18,2834,0,0,1,1
8,1,19,2702,1,1,1,2
8,1,20,3104,1,1,1,3
8,1,21,1072,1,1,1,1
8,1,22,3136,1,1,1,2
8,1,23,2884,0,0,1,3
8,1,24,4330,0,0,1,2
8,1,25,1350,0,0,1,1
8,1,26,4912,1,1,1,3
8,1,27,4858,0,0,1,3
8,1,28,2608,1,1,1,1
8,1,29,1098,1,1,1,1
8,1,30,798,0,0,1,1
8,2,1,5446,1,1,1,3
8,2,2,1480,1,1,1,1
8,2,3,1390,1,1,1,2
8,2,4,2260,1,1,1,3
8,2,5,1258,1,1,1,1
8,2,6,3054,0,0,1,3
8,2,7,2402,0,0,1,2
8,2,8,2690,1,1,1,1
8,2,9,870,1,1,1,2
8,2,10,1184,1,1,1,1
8,2,11,3446,0,0,1,3
8,2,12,2026,0,0,1,2
8,2,13,1120,1,1,1,2
8,2,14,2690,0,0,1,1
8,2,15,3190,0,0,1,3
8,2,16,1732,1,1,1,2
8,2,17,1984,0,0,1,1
8,2,18,836,1,1,1,3
8,2,19,1802,1,1,1,1
8,2,20,5040,0,0,1,2
8,2,21,1908,0,0,1,1
8,2,22,1534,1,1,1,2
8,2,23,3734,0,0,1,3
8,2,24,4222,0,0,1,3
8,2,25,2716,0,1,0,3
8,2,26,3932,0,0,1,2
8,2,27,2552,0,0,1,2
8,2,28,0,9999,0,0,1
8,2,29,2356,1,1,1,3
8,2,30,2202,0,0,1,1
8,3,1,3472,0,0,1,3
8,3,2,1050,0,0,1,1
8,3,3,3100,1,1,1,3
8,3,4,1484,0,0,1,1
8,3,5,1914,1,1,1,2
8,3,6,2148,0,0,1,2
8,3,7,1606,1,1,1,3
8,3,8,2414,0,0,1,2
8,3,9,2822,0,0,1,3
8,3,10,2164,1,1,1,2
8,3,11,1556,1,1,1,1
8,3,12,1768,0,0,1,2
8,3,13,1978,0,0,1,1
8,3,14,2420,0,0,1,2
8,3,15,3986,1,1,1,2
8,3,16,4834,0,0,1,3
8,3,17,890,1,1,1,1
8,3,18,820,1,1,1,2
8,3,19,3870,0,1,0,3
8,3,20,4736,1,1,1,1
8,3,21,1050,1,1,1,1
8,3,22,2212,1,1,1,3
8,3,23,766,1,1,1,3
8,3,24,2460,0,0,1,3
8,3,25,1086,1,1,1,1
8,3,26,1308,1,1,1,2
8,3,27,3436,0,0,1,2
8,3,28,2274,0,0,1,1
8,3,29,4760,0,0,1,3
8,3,30,1224,0,0,1,1
8,4,1,3914,1,1,1,3
8,4,2,2960,0,0,1,3
8,4,3,862,1,1,1,2
8,4,4,1620,1,1,1,2
8,4,5,2284,0,0,1,3
8,4,6,5304,0,0,1,3
8,4,7,1302,0,0,1,1
8,4,8,2838,1,1,1,1
8,4,9,2562,0,0,1,2
8,4,10,1578,1,1,1,1
8,4,11,1148,0,0,1,1
8,4,12,2892,1,1,1,2
8,4,13,2010,0,0,1,1
8,4,14,1202,1,1,1,2
8,4,15,1124,1,1,1,3
8,4,16,6070,1,1,1,3
8,4,17,904,0,0,1,1
8,4,18,1194,1,1,1,1
8,4,19,4030,1,1,1,3
8,4,20,1784,1,1,1,1
8,4,21,4710,0,0,1,3
8,4,22,908,1,1,1,1
8,4,23,2276,0,0,1,2
8,4,24,1848,0,0,1,2
8,4,25,1024,1,1,1,2
8,4,26,1428,0,0,1,2
8,4,27,1590,0,0,1,1
8,4,28,3768,0,0,1,3
8,4,29,3764,0,1,0,3
8,4,30,2680,0,0,1,2
8,5,1,1940,1,1,1,1
8,5,2,1250,0,0,1,1
8,5,3,2646,0,0,1,2
8,5,4,2438,1,1,1,1
8,5,5,2978,0,1,0,3
8,5,6,1422,0,0,1,1
8,5,7,3530,1,1,1,2
8,5,8,2984,0,0,1,2
8,5,9,886,1,1,1,1
8,5,10,3712,0,0,1,2
8,5,11,1866,1,1,1,1
8,5,12,1272,1,1,1,3
8,5,13,3082,1,1,1,2
8,5,14,5628,0,0,1,2
8,5,15,4996,0,0,1,3
8,5,16,4140,0,0,1,3
8,5,17,2676,0,0,1,1
8,5,18,3672,1,1,1,2
8,5,19,2310,0,0,1,2
8,5,20,3990,0,1,0,3
8,5,21,828,1,1,1,2
8,5,22,5324,0,0,1,1
8,5,23,4994,0,0,1,3
8,5,24,716,1,1,1,3
8,5,25,1920,1,1,1,1
8,5,26,2888,1,1,1,2
8,5,27,4656,1,1,1,3
8,5,28,5234,0,0,1,3
8,5,29,1194,0,0,1,1
8,5,30,5780,0,0,1,3
9,1,1,2154,0,0,1,1
9,1,2,1298,1,1,1,3
9,1,3,2732,0,0,1,2
9,1,4,1936,0,0,1,2
9,1,5,2032,0,0,1,3
9,1,6,1022,1,1,1,2
9,1,7,1570,0,0,1,2
9,1,8,1272,1,1,1,3
9,1,9,1362,1,1,1,2
9,1,10,2148,1,1,1,3
9,1,11,1454,0,0,1,1
9,1,12,1340,1,1,1,2
9,1,13,1360,0,0,1,1
9,1,14,1290,1,1,1,1
9,1,15,714,1,1,1,1
9,1,16,1198,0,0,1,1
9,1,17,1544,0,0,1,2
9,1,18,2022,1,1,1,3
9,1,19,1364,1,1,1,1
9,1,20,2414,0,0,1,3
9,1,21,884,1,1,1,3
9,1,22,2566,0,0,1,3
9,1,23,1174,1,1,1,2
9,1,24,2556,0,0,1,3
9,1,25,1364,1,1,1,2
9,1,26,1940,0,0,1,3
9,1,27,1786,0,0,1,1
9,1,28,810,1,1,1,1
9,1,29,2378,0,0,1,2
9,1,30,1036,1,1,1,1
9,2,1,1836,0,0,1,1
9,2,2,1964,0,0,1,2
9,2,3,816,1,1,1,3
9,2,4,1050,1,1,1,2
9,2,5,1028,1,1,1,2
9,2,6,1390,0,0,1,2
9,2,7,1444,0,0,1,2
9,2,8,910,1,1,1,3
9,2,9,1678,0,0,1,3
9,2,10,1998,0,0,1,2
9,2,11,2488,0,0,1,3
9,2,12,1638,1,1,1,2
9,2,13,1068,1,1,1,2
9,2,14,2028,0,0,1,3
9,2,15,946,1,1,1,1
9,2,16,1348,0,0,1,1
9,2,17,864,1,1,1,2
9,2,18,1804,0,0,1,1
9,2,19,858,1,1,1,3
9,2,20,1984,0,0,1,3
9,2,21,1586,1,1,1,3
9,2,22,1404,0,1,0,1
9,2,23,2746,0,0,1,1
9,2,24,1312,1,1,1,1
9,2,25,3526,0,0,1,3
9,2,26,2676,0,1,0,3
9,2,27,4304,0,0,1,2
9,2,28,3308,0,0,1,1
9,2,29,1208,1,1,1,1
9,2,30,1226,1,1,1,1
9,3,1,1406,1,1,1,3
9,3,2,1420,1,1,1,2
9,3,3,2528,0,0,1,1
9,3,4,970,1,1,1,3
9,3,5,3452,0,0,1,3
9,3,6,1562,1,1,1,3
9,3,7,1910,0,0,1,2
9,3,8,4008,0,0,1,3
9,3,9,1996,0,0,1,1
9,3,10,814,1,1,1,1
9,3,11,1854,1,1,1,1
9,3,12,2110,0,0,1,2
9,3,13,1972,0,0,1,2
9,3,14,2008,1,1,1,1
9,3,15,2752,0,0,1,3
9,3,16,3428,1,1,1,3
9,3,17,1460,1,1,1,2
9,3,18,1532,0,0,1,2
9,3,19,2170,1,1,1,2
9,3,20,1114,1,1,1,2
9,3,21,3844,1,1,1,3
9,3,22,1418,0,0,1,1
9,3,23,2782,0,0,1,1
9,3,24,2856,0,0,1,2
9,3,25,3034,0,0,1,3
9,3,26,2514,0,0,1,3
9,3,27,1078,0,0,1,1
9,3,28,996,1,1,1,1
9,3,29,900,1,1,1,1
9,3,30,1068,1,1,1,2
9,4,1,2736,1,1,1,3
9,4,2,1668,1,1,1,2
9,4,3,1968,1,1,1,1
9,4,4,1596,1,1,1,1
9,4,5,1366,1,1,1,1
9,4,6,2078,0,0,1,2
9,4,7,3758,0,0,1,3
9,4,8,1692,1,1,1,1
9,4,9,1132,1,1,1,3
9,4,10,1292,1,1,1,3
9,4,11,3270,0,0,1,2
9,4,12,1564,0,0,1,1
9,4,13,2346,0,0,1,3
9,4,14,1894,0,0,1,2
9,4,15,1578,0,0,1,1
9,4,16,2772,1,1,1,3
9,4,17,2166,0,0,1,1
9,4,18,1262,1,1,1,2
9,4,19,1906,0,0,1,2
9,4,20,2820,0,0,1,3
9,4,21,1282,1,1,1,3
9,4,22,1322,1,1,1,1
9,4,23,1456,1,1,1,2
9,4,24,2336,0,0,1,1
9,4,25,2558,0,0,1,3
9,4,26,1230,1,1,1,2
9,4,27,2100,0,0,1,2
9,4,28,3018,0,0,1,3
9,4,29,1738,0,0,1,1
9,4,30,1342,1,1,1,2
9,5,1,2020,0,1,0,3
9,5,2,2738,0,0,1,1
9,5,3,2526,1,1,1,2
9,5,4,2952,0,0,1,3
9,5,5,3384,0,1,0,3
9,5,6,1644,1,1,1,1
9,5,7,3314,0,0,1,1
9,5,8,2580,1,1,1,2
9,5,9,2864,0,0,1,2
9,5,10,2466,0,0,1,2
9,5,11,3458,0,0,1,1
9,5,12,3200,0,0,1,2
9,5,13,3150,0,0,1,3
9,5,14,2360,0,0,1,2
9,5,15,2876,0,0,1,3
9,5,16,3684,1,1,1,3
9,5,17,1514,1,1,1,1
9,5,18,1892,1,1,1,1
9,5,19,1414,1,1,1,1
9,5,20,2562,1,1,1,2
9,5,21,3938,0,0,1,3
9,5,22,3612,1,1,1,1
9,5,23,2850,1,1,1,3
9,5,24,2404,0,0,1,2
9,5,25,3094,1,1,1,3
9,5,26,5190,0,0,1,3
9,5,27,3434,1,1,1,2
9,5,28,3002,1,1,1,2
9,5,29,2796,0,0,1,1
9,5,30,1652,0,0,1,1
10,1,1,2238,0,0,1,3
10,1,2,774,1,1,1,1
10,1,3,2228,0,0,1,3
10,1,4,2396,0,0,1,3
10,1,5,756,1,1,1,3
10,1,6,1610,0,0,1,1
10,1,7,1914,0,1,0,3
10,1,8,836,0,0,1,1
10,1,9,4396,0,0,1,3
10,1,10,1136,0,0,1,2
10,1,11,1618,0,0,1,2
10,1,12,1274,1,1,1,2
10,1,13,838,0,0,1,1
10,1,14,894,1,1,1,1
10,1,15,928,0,0,1,1
10,1,16,774,1,1,1,1
10,1,17,1876,0,1,0,3
10,1,18,1370,1,1,1,2
10,1,19,2578,0,0,1,3
10,1,20,5616,0,0,1,2
10,1,21,1208,0,0,1,2
10,1,22,1210,1,1,1,3
10,1,23,1466,1,1,1,3
10,1,24,816,1,1,1,1
10,1,25,1722,1,1,1,2
10,1,26,956,0,0,1,1
10,1,27,928,1,1,1,1
10,1,28,4308,1,1,1,2
10,1,29,2234,0,0,1,2
10,1,30,1460,1,1,1,2
10,2,1,2922,1,1,1,3
10,2,2,1932,0,0,1,2
10,2,3,1292,1,1,1,1
10,2,4,3436,0,0,1,2
10,2,5,936,1,1,1,3
10,2,6,3236,1,1,1,3
10,2,7,870,1,1,1,2
10,2,8,628,1,1,1,1
10,2,9,1846,0,0,1,1
10,2,10,2768,0,0,1,2
10,2,11,3666,0,0,1,3
10,2,12,1386,0,0,1,2
10,2,13,2138,1,1,1,2
10,2,14,718,1,1,1,2
10,2,15,1488,1,1,1,3
10,2,16,742,1,1,1,1
10,2,17,1358,0,0,1,1
10,2,18,5926,0,0,1,3
10,2,19,928,1,1,1,1
10,2,20,1270,0,0,1,1
10,2,21,1312,0,0,1,1
10,2,22,4416,0,0,1,3
10,2,23,1834,0,0,1,2
10,2,24,820,1,1,1,2
10,2,25,1054,1,1,1,2
10,2,26,2350,1,1,1,3
10,2,27,748,0,0,1,1
10,2,28,1042,1,1,1,1
10,2,29,3716,0,0,1,3
10,2,30,5670,0,0,1,3
10,3,1,1434,1,1,1,2
10,3,2,1724,0,0,1,2
10,3,3,928,0,0,1,1
10,3,4,4606,0,0,1,3
10,3,5,1038,1,1,1,1
10,3,6,816,1,1,1,2
10,3,7,848,1,1,1,1
10,3,8,2214,0,0,1,2
10,3,9,826,1,1,1,1
10,3,10,1042,1,1,1,2
10,3,11,2156,1,1,1,3
10,3,12,3548,0,0,1,3
10,3,13,728,1,1,1,1
10,3,14,2266,1,1,1,3
10,3,15,1056,1,1,1,3
10,3,16,1216,1,1,1,2
10,3,17,1216,0,0,1,1
10,3,18,3690,0,0,1,2
10,3,19,3038,0,0,1,3
10,3,20,2070,0,0,1,3
10,3,21,1320,0,0,1,2
10,3,22,1510,0,0,1,1
10,3,23,3056,0,0,1,1
10,3,24,1494,0,0,1,2
10,3,25,2426,0,1,0,3
10,3,26,1294,1,1,1,2
10,3,27,806,1,1,1,3
10,3,28,1032,1,1,1,1
10,3,29,956,0,0,1,1
10,3,30,2392,0,0,1,3
10,4,1,2656,0,0,1,3
10,4,2,710,1,1,1,1
10,4,3,1264,0,0,1,2
10,4,4,3452,0,0,1,3
10,4,5,3154,0,0,1,3
10,4,6,2452,0,0,1,2
10,4,7,688,1,1,1,1
10,4,8,878,1,1,1,2
10,4,9,2384,0,0,1,3
10,4,10,1152,1,1,1,2
10,4,11,2984,1,1,1,3
10,4,12,966,1,1,1,2
10,4,13,1792,0,0,1,2
10,4,14,4236,1,1,1,3
10,4,15,898,1,1,1,2
10,4,16,1042,1,1,1,3
10,4,17,2100,0,0,1,2
10,4,18,1546,1,1,1,1
10,4,19,1626,0,0,1,2
10,4,20,3680,0,0,1,1
10,4,21,952,0,0,1,1
10,4,22,754,1,1,1,1
10,4,23,898,0,0,1,1
10,4,24,2298,0,0,1,1
10,4,25,1036,0,0,1,1
10,4,26,1000,1,1,1,2
10,4,27,1374,1,1,1,3
10,4,28,4544,0,0,1,3
10,4,29,710,1,1,1,1
10,4,30,1568,1,1,1,3
10,5,1,818,1,1,1,1
10,5,2,3658,0,0,1,1
10,5,3,930,0,0,1,1
10,5,4,1182,1,1,1,2
10,5,5,2250,1,1,1,1
10,5,6,3826,1,1,1,3
10,5,7,1136,0,0,1,1
10,5,8,2914,0,0,1,2
10,5,9,1198,0,0,1,1
10,5,10,3024,1,1,1,1
10,5,11,1040,1,1,1,1
10,5,12,4114,0,0,1,3
10,5,13,1094,1,1,1,3
10,5,14,4338,0,0,1,3
10,5,15,854,1,1,1,2
10,5,16,3924,0,0,1,3
10,5,17,744,1,1,1,2
10,5,18,4936,0,0,1,2
10,5,19,910,1,1,1,1
10,5,20,4412,0,0,1,2
10,5,21,1086,1,1,1,2
10,5,22,4380,0,0,1,2
10,5,23,1924,1,1,1,2
10,5,24,2748,0,0,1,2
10,5,25,1400,0,0,1,1
10,5,26,1310,1,1,1,3
10,5,27,1820,1,1,1,3
10,5,28,1958,1,1,1,3
10,5,29,4314,0,0,1,3
10,5,30,3566,0,0,1,3
11,1,1,1240,1,1,1,1
11,1,2,1174,0,0,1,1
11,1,3,1860,0,0,1,2
11,1,4,3858,0,0,1,3
11,1,5,1414,1,1,1,1
11,1,6,1226,1,1,1,2
11,1,7,816,1,1,1,2
11,1,8,2522,0,0,1,3
11,1,9,2788,0,0,1,3
11,1,10,1108,1,1,1,1
11,1,11,1656,0,0,1,1
11,1,12,2300,1,1,1,3
11,1,13,1142,0,0,1,1
11,1,14,2438,0,0,1,2
11,1,15,1010,0,0,1,2
11,1,16,998,1,1,1,2
11,1,17,758,0,0,1,1
11,1,18,948,1,1,1,1
11,1,19,2272,1,1,1,3
11,1,20,4550,0,0,1,3
11,1,21,860,1,1,1,3
11,1,22,1832,1,1,1,3
11,1,23,1586,1,1,1,3
11,1,24,3948,1,0,0,3
11,1,25,1392,0,1,0,2
11,1,26,2886,1,1,1,2
11,1,27,1030,0,0,1,2
11,1,28,1448,0,0,1,2
11,1,29,848,1,1,1,1
11,1,30,3286,0,0,1,1
11,2,1,2670,1,1,1,3
11,2,2,1722,1,1,1,2
11,2,3,2184,0,0,1,3
11,2,4,3262,1,1,1,3
11,2,5,1864,0,0,1,1
11,2,6,2886,0,0,1,2
11,2,7,1726,1,1,1,3
11,2,8,3130,0,0,1,2
11,2,9,1936,0,0,1,3
11,2,10,888,1,1,1,1
11,2,11,1226,1,1,1,1
11,2,12,2066,0,0,1,2
11,2,13,3116,0,0,1,3
11,2,14,1244,1,1,1,3
11,2,15,1096,0,0,1,1
11,2,16,820,1,1,1,2
11,2,17,3030,1,1,1,1
11,2,18,1790,1,1,1,2
11,2,19,1902,1,1,1,2
11,2,20,1800,0,0,1,1
11,2,21,3212,0,0,1,3
11,2,22,1754,0,0,1,2
11,2,23,3828,0,0,1,3
11,2,24,2330,1,1,1,1
11,2,25,792,1,1,1,3
11,2,26,1674,0,0,1,1
11,2,27,1108,1,1,1,1
11,2,28,2600,1,1,1,2
11,2,29,2738,0,0,1,2
11,2,30,1120,0,0,1,1
11,3,1,918,1,1,1,1
11,3,2,1852,1,1,1,2
11,3,3,1100,1,1,1,3
11,3,4,2592,1,1,1,3
11,3,5,1788,0,0,1,1
11,3,6,2138,0,0,1,1
11,3,7,2470,1,1,1,1
11,3,8,1712,1,1,1,3
11,3,9,1598,0,0,1,1
11,3,10,1536,0,0,1,2
11,3,11,2944,1,1,1,3
11,3,12,984,1,1,1,1
11,3,13,2288,0,0,1,2
11,3,14,2204,0,0,1,1
11,3,15,3264,0,0,1,3
11,3,16,3472,0,0,1,3
11,3,17,738,1,1,1,1
11,3,18,2092,0,0,1,1
11,3,19,1914,1,1,1,2
11,3,20,4036,0,0,1,3
11,3,21,944,1,1,1,1
11,3,22,1860,1,1,1,2
11,3,23,1130,1,1,1,3
11,3,24,4420,0,0,1,3
11,3,25,3542,0,0,1,2
11,3,26,2194,0,0,1,2
11,3,27,1094,1,1,1,2
11,3,28,4498,0,0,1,3
11,3,29,950,1,1,1,2
11,3,30,3650,0,0,1,2
11,4,1,2028,0,0,1,1
11,4,2,724,1,1,1,1
11,4,3,1444,0,0,1,2
11,4,4,3464,1,1,1,3
11,4,5,1794,0,0,1,1
11,4,6,3120,0,0,1,3
11,4,7,2032,1,1,1,2
11,4,8,1078,1,1,1,3
11,4,9,1428,0,0,1,2
11,4,10,2614,0,0,1,3
11,4,11,1384,1,1,1,1
11,4,12,1360,0,0,1,1
11,4,13,2200,0,0,1,2
11,4,14,2292,1,1,1,1
11,4,15,3200,0,0,1,3
11,4,16,2326,0,0,1,2
11,4,17,1062,1,1,1,2
11,4,18,6054,0,0,1,3
11,4,19,1066,1,1,1,2
11,4,20,1960,1,1,1,3
11,4,21,870,1,1,1,2
11,4,22,3602,0,0,1,3
11,4,23,2296,0,0,1,1
11,4,24,1556,1,1,1,1
11,4,25,2058,1,1,1,3
11,4,26,844,1,1,1,1
11,4,27,1436,0,0,1,1
11,4,28,1940,0,0,1,2
11,4,29,1210,1,1,1,2
11,4,30,962,1,1,1,3
11,5,1,1112,1,1,1,2
11,5,2,2050,1,1,1,3
11,5,3,2182,0,0,1,3
11,5,4,748,0,0,1,1
11,5,5,1220,1,1,1,1
11,5,6,1188,1,1,1,3
11,5,7,800,1,1,1,1
11,5,8,3866,0,0,1,3
11,5,9,1844,0,0,1,1
11,5,10,1380,1,1,1,1
11,5,11,908,1,1,1,2
11,5,12,3812,0,0,1,3
11,5,13,3452,0,0,1,2
11,5,14,1290,0,0,1,1
11,5,15,1930,0,0,1,2
11,5,16,2442,0,0,1,2
11,5,17,878,1,1,1,2
11,5,18,2104,1,1,1,2
11,5,19,1688,0,0,1,2
11,5,20,1048,0,0,1,1
11,5,21,1538,1,1,1,2
11,5,22,2888,1,1,1,3
11,5,23,2224,1,1,1,3
11,5,24,3554,0,0,1,3
11,5,25,2476,1,1,1,3
11,5,26,0,9999,0,0,3
11,5,27,2576,0,0,1,1
11,5,28,1574,0,0,1,2
11,5,29,1906,1,1,1,1
11,5,30,1628,1,1,1,1
12,1,1,2546,0,0,1,3
12,1,2,1050,0,0,1,1
12,1,3,1340,1,1,1,3
12,1,4,1536,1,1,1,2
12,1,5,1726,0,0,1,2
12,1,6,2346,0,0,1,3
12,1,7,1078,0,0,1,1
12,1,8,724,0,0,1,1
12,1,9,848,0,0,1,1
12,1,10,1580,1,1,1,2
12,1,11,2168,0,0,1,3
12,1,12,1136,0,0,1,2
12,1,13,1040,1,1,1,3
12,1,14,1436,1,1,1,3
12,1,15,934,1,1,1,1
12,1,16,914,0,0,1,1
12,1,17,3594,0,0,1,3
12,1,18,1800,0,0,1,2
12,1,19,1006,1,1,1,3
12,1,20,1298,1,1,1,1
12,1,21,2058,0,0,1,3
12,1,22,820,1,1,1,1
12,1,23,830,1,1,1,1
12,1,24,1084,0,0,1,2
12,1,25,868,1,1,1,2
12,1,26,776,1,1,1,2
12,1,27,1214,0,0,1,2
12,1,28,1044,1,1,1,2
12,1,29,1392,1,1,1,3
12,1,30,1150,1,1,1,1
12,2,1,970,1,1,1,1
12,2,2,708,1,1,1,2
12,2,3,1080,1,1,1,3
12,2,4,2070,0,0,1,3
12,2,5,672,1,1,1,2
12,2,6,712,0,0,1,1
12,2,7,1170,0,0,1,2
12,2,8,992,0,0,1,2
12,2,9,982,1,1,1,2
12,2,10,774,1,1,1,2
12,2,11,820,1,1,1,2
12,2,12,3590,1,1,1,3
12,2,13,1020,0,0,1,1
12,2,14,3242,0,0,1,3
12,2,15,2066,0,0,1,3
12,2,16,2100,1,1,1,3
12,2,17,1442,0,0,1,2
12,2,18,1276,1,1,1,1
12,2,19,1014,1,1,1,1
12,2,20,1074,1,1,1,1
12,2,21,1512,0,0,1,1
12,2,22,2322,0,0,1,3
12,2,23,850,1,1,1,1
12,2,24,1320,0,0,1,2
12,2,25,1174,0,0,1,1
12,2,26,2362,0,0,1,3
12,2,27,1542,0,0,1,2
12,2,28,862,1,1,1,3
12,2,29,1730,1,1,1,3
12,2,30,806,0,0,1,1
12,3,1,906,0,0,1,1
12,3,2,1562,0,0,1,3
12,3,3,1592,0,0,1,2
12,3,4,1178,0,0,1,2
12,3,5,2470,1,1,1,3
12,3,6,1150,1,1,1,2
12,3,7,1036,1,1,1,3
12,3,8,1960,0,0,1,3
12,3,9,940,1,1,1,1
12,3,10,1706,0,0,1,2
12,3,11,922,1,1,1,3
12,3,12,2326,0,0,1,3
12,3,13,904,1,1,1,3
12,3,14,1264,0,0,1,1
12,3,15,1532,0,0,1,2
12,3,16,578,0,0,1,1
12,3,17,1788,1,1,1,1
12,3,18,1036,0,0,1,1
12,3,19,734,1,1,1,1
12,3,20,1000,1,1,1,2
12,3,21,1126,1,1,1,2
12,3,22,1480,0,0,1,3
12,3,23,1228,0,0,1,3
12,3,24,892,0,0,1,1
12,3,25,1196,0,0,1,2
12,3,26,982,1,1,1,2
12,3,27,1552,1,1,1,3
12,3,28,788,1,1,1,2
12,3,29,656,1,1,1,1
12,3,30,556,1,1,1,1
12,4,1,780,1,1,1,1
12,4,2,2224,1,1,1,3
12,4,3,1368,0,0,1,1
12,4,4,2794,0,0,1,3
12,4,5,626,1,1,1,2
12,4,6,2382,0,0,1,2
12,4,7,1376,1,1,1,2
12,4,8,1320,1,1,1,3
12,4,9,942,1,1,1,2
12,4,10,2372,0,0,1,3
12,4,11,2460,0,1,0,3
12,4,12,822,1,1,1,2
12,4,13,3456,0,0,1,3
12,4,14,2012,1,1,1,3
12,4,15,1332,0,0,1,2
12,4,16,1088,0,0,1,1
12,4,17,2078,0,0,1,3
12,4,18,1726,0,0,1,1
12,4,19,2810,0,0,1,2
12,4,20,3322,0,0,1,3
12,4,21,1332,0,0,1,2
12,4,22,690,1,1,1,1
12,4,23,704,1,1,1,1
12,4,24,1012,0,0,1,1
12,4,25,970,0,0,1,1
12,4,26,1490,1,1,1,2
12,4,27,910,1,1,1,1
12,4,28,694,1,1,1,1
12,4,29,2170,0,0,1,2
12,4,30,1602,1,1,1,3
12,5,1,1958,0,0,1,1
12,5,2,1122,0,0,1,2
12,5,3,1218,1,1,1,3
12,5,4,1812,0,0,1,1
12,5,5,1726,0,0,1,3
12,5,6,818,1,1,1,1
12,5,7,1100,0,0,1,2
12,5,8,752,1,1,1,3
12,5,9,1744,0,0,1,3
12,5,10,628,1,1,1,1
12,5,11,558,1,1,1,2
12,5,12,1506,1,1,1,2
12,5,13,1636,0,0,1,2
12,5,14,1034,1,1,1,3
12,5,15,1262,1,1,1,2
12,5,16,1536,0,0,1,2
12,5,17,888,1,1,1,3
12,5,18,698,1,1,1,1
12,5,19,2326,0,0,1,3
12,5,20,1606,0,0,1,3
12,5,21,804,1,1,1,1
12,5,22,1606,1,1,1,2
12,5,23,702,0,0,1,1
12,5,24,1884,0,0,1,3
12,5,25,560,1,1,1,1
12,5,26,1796,1,1,1,3
12,5,27,688,0,0,1,1
12,5,28,1022,1,1,1,2
12,5,29,1116,0,0,1,2
12,5,30,910,0,0,1,1
13,1,1,1786,1,1,1,3
13,1,2,2248,0,0,1,2
13,1,3,2176,0,0,1,2
13,1,4,1678,0,0,1,1
13,1,5,1118,1,1,1,3
13,1,6,5618,0,0,1,3
13,1,7,3258,0,0,1,3
13,1,8,1074,0,0,1,1
13,1,9,816,1,1,1,1
13,1,10,2024,0,0,1,1
13,1,11,1350,1,1,1,2
13,1,12,2744,0,0,1,2
13,1,13,1068,1,1,1,1
13,1,14,1076,0,0,1,1
13,1,15,2548,1,1,1,2
13,1,16,1276,1,1,1,2
13,1,17,2726,0,0,1,3
13,1,18,1180,1,1,1,3
13,1,19,922,1,1,1,1
13,1,20,766,1,1,1,1
13,1,21,2182,0,0,1,2
13,1,22,3948,0,0,1,3
13,1,23,3216,0,0,1,3
13,1,24,1116,1,1,1,3
13,1,25,1400,0,0,1,1
13,1,26,2878,1,1,1,2
13,1,27,1436,1,1,1,3
13,1,28,2512,0,0,1,2
13,1,29,676,1,1,1,1
13,1,30,2276,1,1,1,2
13,2,1,2436,0,0,1,2
13,2,2,2480,0,0,1,2
13,2,3,2848,0,0,1,3
13,2,4,2850,1,1,1,3
13,2,5,1294,1,1,1,3
13,2,6,1916,1,1,1,2
13,2,7,3222,0,0,1,3
13,2,8,3666,0,0,1,1
13,2,9,1880,1,1,1,1
13,2,10,1046,1,1,1,3
13,2,11,2950,0,0,1,2
13,2,12,1600,0,0,1,1
13,2,13,1184,1,1,1,2
13,2,14,1230,1,1,1,2
13,2,15,1860,0,0,1,2
13,2,16,1050,1,1,1,1
13,2,17,996,1,1,1,1
13,2,18,1154,0,0,1,2
13,2,19,1464,1,1,1,2
13,2,20,3176,0,0,1,3
13,2,21,1440,1,1,1,1
13,2,22,1002,0,0,1,1
13,2,23,2552,0,0,1,3
13,2,24,3442,0,1,0,2
13,2,25,1160,1,1,1,3
13,2,26,1984,0,0,1,1
13,2,27,1650,0,0,1,1
13,2,28,2702,0,0,1,3
13,2,29,1392,1,1,1,3
13,2,30,1654,1,1,1,1
13,3,1,2278,0,0,1,3
13,3,2,1770,1,1,1,2
13,3,3,1930,0,0,1,3
13,3,4,1642,1,1,1,3
13,3,5,1192,1,1,1,1
13,3,6,1746,1,1,1,3
13,3,7,1222,1,1,1,2
13,3,8,926,1,1,1,1
13,3,9,1322,1,1,1,2
13,3,10,2984,0,0,1,3
13,3,11,2884,0,0,1,1
13,3,12,1604,0,0,1,1
13,3,13,1510,0,0,1,2
13,3,14,1360,0,0,1,2
13,3,15,1970,0,0,1,2
13,3,16,1628,0,0,1,2
13,3,17,2476,0,0,1,2
13,3,18,860,0,0,1,1
13,3,19,1296,0,0,1,1
13,3,20,1032,1,1,1,3
13,3,21,1266,1,1,1,1
13,3,22,1102,1,1,1,3
13,3,23,666,1,1,1,1
13,3,24,2298,0,0,1,3
13,3,25,902,1,1,1,2
13,3,26,1150,1,1,1,3
13,3,27,3308,0,0,1,3
13,3,28,904,0,0,1,1
13,3,29,928,1,1,1,2
13,3,30,878,1,1,1,1
13,4,1,954,1,1,1,2
13,4,2,924,1,1,1,2
13,4,3,938,1,1,1,2
13,4,4,734,1,1,1,3
13,4,5,768,1,1,1,1
13,4,6,1110,0,0,1,2
13,4,7,1360,1,1,1,1
13,4,8,1098,0,0,1,2
13,4,9,1046,0,0,1,1
13,4,10,1616,0,0,1,3
13,4,11,928,1,1,1,3
13,4,12,708,1,1,1,2
13,4,13,770,1,1,1,1
13,4,14,2672,1,1,1,3
13,4,15,1252,0,0,1,1
13,4,16,928,0,0,1,1
13,4,17,1294,1,1,1,2
13,4,18,1326,0,0,1,2
13,4,19,1626,0,0,1,1
13,4,20,1096,0,0,1,1
13,4,21,1598,0,0,1,3
13,4,22,750,1,1,1,1
13,4,23,916,0,0,1,2
13,4,24,756,0,1,0,1
13,4,25,1068,1,1,1,3
13,4,26,1914,0,0,1,2
13,4,27,2810,0,0,1,3
13,4,28,1094,1,1,1,3
13,4,29,3156,0,0,1,3
13,4,30,2632,0,0,1,3
13,5,1,1082,1,1,1,2
13,5,2,1040,1,1,1,3
13,5,3,994,0,0,1,1
13,5,4,2138,0,0,1,1
13,5,5,3018,0,0,1,3
13,5,6,1980,0,0,1,3
13,5,7,1790,0,1,0,2
13,5,8,2740,0,0,1,3
13,5,9,1242,0,0,1,1
13,5,10,1454,1,1,1,1
13,5,11,1734,0,0,1,2
13,5,12,1200,0,0,1,1
13,5,13,2538,0,0,1,2
13,5,14,1220,1,1,1,2
13,5,15,780,1,1,1,1
13,5,16,1880,0,0,1,2
13,5,17,2350,1,1,1,3
13,5,18,1748,0,0,1,3
13,5,19,846,1,1,1,1
13,5,20,812,1,1,1,2
13,5,21,1540,0,0,1,2
13,5,22,2162,1,1,1,3
13,5,23,3196,1,1,1,3
13,5,24,1034,1,1,1,1
13,5,25,806,1,1,1,2
13,5,26,2600,1,1,1,3
13,5,27,2428,0,0,1,3
13,5,28,2206,0,0,1,2
13,5,29,1066,0,0,1,1
13,5,30,1850,1,1,1,1
14,1,1,942,0,0,1,1
14,1,2,1754,0,0,1,3
14,1,3,1086,0,0,1,1
14,1,4,1058,1,1,1,1
14,1,5,660,1,1,1,1
14,1,6,1036,1,1,1,2
14,1,7,1392,0,0,1,2
14,1,8,982,1,1,1,3
14,1,9,822,1,1,1,3
14,1,10,1350,0,0,1,2
14,1,11,1282,0,0,1,2
14,1,12,1132,0,0,1,1
14,1,13,740,1,1,1,1
14,1,14,1084,1,1,1,2
14,1,15,1522,1,1,1,3
14,1,16,1572,0,0,1,2
14,1,17,1570,0,0,1,3
14,1,18,1590,0,0,1,3
14,1,19,970,1,1,1,1
14,1,20,1348,1,1,1,3
14,1,21,686,1,1,1,2
14,1,22,1590,1,1,1,1
14,1,23,1824,1,1,1,3
14,1,24,1332,0,0,1,2
14,1,25,2586,1,1,1,2
14,1,26,2142,0,0,1,3
14,1,27,1152,1,1,1,2
14,1,28,688,0,0,1,1
14,1,29,750,0,0,1,1
14,1,30,1566,0,0,1,3
14,2,1,998,0,0,1,3
14,2,2,1324,1,1,1,2
14,2,3,714,1,1,1,3
14,2,4,1606,0,1,0,3
14,2,5,1334,0,0,1,1
14,2,6,882,1,1,1,1
14,2,7,2172,0,0,1,3
14,2,8,1450,0,0,1,2
14,2,9,850,0,0,1,1
14,2,10,2888,0,0,1,2
14,2,11,1014,1,1,1,1
14,2,12,1220,1,1,1,2
14,2,13,2452,0,0,1,2
14,2,14,1190,0,0,1,2
14,2,15,2106,1,1,1,3
14,2,16,720,1,1,1,1
14,2,17,2028,1,1,1,3
14,2,18,2642,0,0,1,3
14,2,19,1624,0,0,1,1
14,2,20,1254,0,1,0,2
14,2,21,1900,0,0,1,1
14,2,22,1312,1,1,1,2
14,2,23,1062,1,1,1,1
14,2,24,2726,0,0,1,3
14,2,25,2108,0,0,1,3
14,2,26,2128,0,0,1,2
14,2,27,1396,1,1,1,2
14,2,28,802,1,1,1,1
14,2,29,2822,1,1,1,3
14,2,30,1130,0,0,1,1
14,3,1,1704,0,0,1,1
14,3,2,2320,0,0,1,3
14,3,3,1072,1,1,1,3
14,3,4,1574,0,0,1,2
14,3,5,946,1,1,1,2
14,3,6,1022,1,1,1,2
14,3,7,2090,0,0,1,2
14,3,8,1634,1,1,1,1
14,3,9,3966,0,0,1,2
14,3,10,2448,0,0,1,3
14,3,11,1226,1,1,1,2
14,3,12,3226,1,1,1,2
14,3,13,2494,0,0,1,3
14,3,14,1020,1,1,1,1
14,3,15,2992,0,0,1,2
14,3,16,972,1,1,1,3
14,3,17,1110,0,0,1,1
14,3,18,872,1,1,1,1
14,3,19,1892,1,1,1,3
14,3,20,2064,0,0,1,3
14,3,21,1322,1,1,1,2
14,3,22,1928,1,1,1,3
14,3,23,1784,0,0,1,2
14,3,24,2400,0,0,1,1
14,3,25,2184,0,0,1,3
14,3,26,2462,0,1,0,3
14,3,27,1200,0,0,1,1
14,3,28,874,1,1,1,1
14,3,29,2166,1,1,1,1
14,3,30,990,0,0,1,1
14,4,1,2232,1,1,1,3
14,4,2,906,1,1,1,3
14,4,3,890,1,1,1,2
14,4,4,1524,1,1,1,3
14,4,5,1294,0,0,1,1
14,4,6,1264,0,0,1,1
14,4,7,914,1,1,1,1
14,4,8,2722,0,0,1,3
14,4,9,1368,0,0,1,2
14,4,10,2674,0,0,1,2
14,4,11,1054,0,0,1,1
14,4,12,1710,0,0,1,3
14,4,13,1012,1,1,1,3
14,4,14,962,0,0,1,1
14,4,15,1274,1,1,1,2
14,4,16,1318,1,1,1,2
14,4,17,946,1,1,1,3
14,4,18,1400,0,0,1,2
14,4,19,790,0,0,1,1
14,4,20,1914,1,1,1,2
14,4,21,1394,0,0,1,2
14,4,22,1944,0,0,1,3
14,4,23,1120,0,0,1,2
14,4,24,842,1,1,1,1
14,4,25,864,1,1,1,1
14,4,26,2380,0,0,1,3
14,4,27,864,1,1,1,1
14,4,28,2140,0,0,1,3
14,4,29,1158,1,1,1,2
14,4,30,894,1,1,1,1
14,5,1,960,1,1,1,1
14,5,2,1026,0,0,1,2
14,5,3,2030,0,0,1,3
14,5,4,716,1,1,1,2
14,5,5,790,1,1,1,1
14,5,6,1738,1,1,1,3
14,5,7,1158,1,1,1,2
14,5,8,1942,0,0,1,2
14,5,9,1706,0,0,1,3
14,5,10,1448,1,1,1,3
14,5,11,786,1,1,1,1
14,5,12,942,0,0,1,1
14,5,13,1172,0,0,1,1
14,5,14,1104,1,1,1,3
14,5,15,850,1,1,1,3
14,5,16,720,1,1,1,2
14,5,17,2466,0,0,1,3
14,5,18,772,1,1,1,1
14,5,19,858,1,1,1,1
14,5,20,1358,0,0,1,1
14,5,21,1776,0,0,1,3
14,5,22,718,0,0,1,1
14,5,23,1002,1,1,1,2
14,5,24,1120,1,1,1,3
14,5,25,2090,0,0,1,2
14,5,26,1338,0,0,1,2
14,5,27,1694,1,1,1,2
14,5,28,2166,0,0,1,3
14,5,29,1030,0,0,1,2
14,5,30,1026,0,0,1,1
15,1,1,1024,1,1,1,3
15,1,2,1100,0,0,1,2
15,1,3,984,0,0,1,2
15,1,4,1070,0,0,1,1
15,1,5,1088,0,0,1,2
15,1,6,956,0,0,1,1
15,1,7,894,0,0,1,2
15,1,8,830,1,1,1,1
15,1,9,664,1,1,1,2
15,1,10,1448,1,1,1,3
15,1,11,690,0,0,1,1
15,1,12,1456,0,0,1,3
15,1,13,880,1,1,1,1
15,1,14,624,1,1,1,1
15,1,15,1388,0,0,1,3
15,1,16,932,1,1,1,1
15,1,17,792,1,1,1,2
15,1,18,686,1,1,1,2
15,1,19,1650,0,0,1,3
15,1,20,894,0,0,1,1
15,1,21,1608,1,1,1,3
15,1,22,1280,0,1,0,3
15,1,23,1608,0,0,1,3
15,1,24,1040,0,0,1,1
15,1,25,1058,1,1,1,2
15,1,26,1396,1,1,1,3
15,1,27,802,1,1,1,1
15,1,28,1212,0,0,1,2
15,1,29,1342,1,1,1,2
15,1,30,1698,0,0,1,3
15,2,1,834,0,0,1,1
15,2,2,1178,0,0,1,1
15,2,3,1302,0,0,1,2
15,2,4,526,1,1,1,1
15,2,5,1004,0,0,1,3
15,2,6,1066,1,1,1,3
15,2,7,1626,1,1,1,3
15,2,8,672,0,0,1,1
15,2,9,608,1,1,1,2
15,2,10,1046,1,1,1,1
15,2,11,1536,0,0,1,1
15,2,12,1264,0,0,1,2
15,2,13,1492,0,0,1,3
15,2,14,688,1,1,1,1
15,2,15,1356,0,0,1,3
15,2,16,654,1,1,1,1
15,2,17,984,0,0,1,2
15,2,18,1614,0,0,1,3
15,2,19,718,0,0,1,2
15,2,20,610,1,1,1,1
15,2,21,1210,0,0,1,3
15,2,22,676,1,1,1,2
15,2,23,612,1,1,1,2
15,2,24,672,1,1,1,2
15,2,25,1080,1,1,1,3
15,2,26,640,0,0,1,1
15,2,27,970,0,0,1,2
15,2,28,1108,1,1,1,2
15,2,29,1240,1,1,1,3
15,2,30,996,0,1,0,3
15,3,1,764,1,1,1,2
15,3,2,1026,0,0,1,2
15,3,3,1494,0,0,1,3
15,3,4,800,1,1,1,2
15,3,5,866,0,0,1,2
15,3,6,686,0,0,1,1
15,3,7,670,1,1,1,3
15,3,8,974,0,0,1,3
15,3,9,1016,0,0,1,1
15,3,10,828,0,0,1,1
15,3,11,612,1,1,1,3
15,3,12,706,1,1,1,2
15,3,13,1166,0,0,1,3
15,3,14,718,1,1,1,1
15,3,15,736,0,0,1,1
15,3,16,778,1,1,1,1
15,3,17,734,0,0,1,2
15,3,18,1000,0,0,1,3
15,3,19,1030,1,1,1,3
15,3,20,752,0,1,0,3
15,3,21,792,1,1,1,1
15,3,22,804,1,1,1,1
15,3,23,1950,0,0,1,3
15,3,24,1316,0,0,1,2
15,3,25,1044,1,1,1,3
15,3,26,846,1,1,1,1
15,3,27,698,1,1,1,2
15,3,28,1086,1,1,1,2
15,3,29,1164,0,0,1,2
15,3,30,746,0,0,1,1
15,4,1,694,1,1,1,1
15,4,2,788,0,0,1,1
15,4,3,856,0,0,1,2
15,4,4,750,1,1,1,2
15,4,5,702,1,1,1,1
15,4,6,874,1,1,1,2
15,4,7,556,1,1,1,1
15,4,8,1456,0,0,1,3
15,4,9,1512,0,0,1,2
15,4,10,1058,0,0,1,2
15,4,11,1524,0,0,1,2
15,4,12,1556,0,0,1,3
15,4,13,922,0,0,1,3
15,4,14,688,0,0,1,1
15,4,15,638,0,0,1,1
15,4,16,810,1,1,1,3
15,4,17,946,0,0,1,1
15,4,18,588,1,1,1,1
15,4,19,756,0,1,0,2
15,4,20,1220,0,0,1,3
15,4,21,1964,1,1,1,3
15,4,22,1272,1,1,1,3
15,4,23,842,0,0,1,1
15,4,24,856,1,1,1,2
15,4,25,582,1,1,1,1
15,4,26,1070,0,0,1,2
15,4,27,652,0,1,0,3
15,4,28,1564,1,1,1,2
15,4,29,1778,0,1,0,3
15,4,30,2546,0,0,1,3
15,5,1,894,0,0,1,1
15,5,2,822,0,0,1,2
15,5,3,672,1,1,1,1
15,5,4,1416,1,1,1,3
15,5,5,1828,0,0,1,2
15,5,6,1246,0,0,1,3
15,5,7,570,0,0,1,1
15,5,8,806,1,1,1,2
15,5,9,1096,0,0,1,2
15,5,10,1500,0,0,1,2
15,5,11,1776,0,0,1,3
15,5,12,966,1,1,1,2
15,5,13,984,0,0,1,1
15,5,14,866,1,1,1,2
15,5,15,790,1,1,1,2
15,5,16,1234,0,0,1,1
15,5,17,616,1,1,1,1
15,5,18,638,1,1,1,1
15,5,19,1330,1,1,1,3
15,5,20,1894,0,0,1,3
15,5,21,938,1,1,1,2
15,5,22,536,1,1,1,1
15,5,23,1654,0,1,0,3
15,5,24,1146,0,0,1,2
15,5,25,672,1,1,1,1
15,5,26,1152,1,1,1,3
15,5,27,2128,0,0,1,3
15,5,28,2908,0,0,1,3
15,5,29,1320,0,0,1,1
15,5,30,1270,1,1,1,3
16,1,1,2632,1,1,1,1
16,1,2,1696,0,0,1,3
16,1,3,768,1,1,1,2
16,1,4,782,0,0,1,1
16,1,5,578,1,1,1,2
16,1,6,2308,0,0,1,2
16,1,7,1134,0,1,0,3
16,1,8,2750,0,0,1,1
16,1,9,1940,0,0,1,3
16,1,10,978,1,1,1,3
16,1,11,906,0,0,1,1
16,1,12,1946,0,0,1,3
16,1,13,664,0,0,1,1
16,1,14,912,1,1,1,3
16,1,15,848,1,1,1,1
16,1,16,908,0,1,0,2
16,1,17,2812,0,0,1,1
16,1,18,1098,1,1,1,1
16,1,19,2206,1,1,1,3
16,1,20,1220,1,1,1,2
16,1,21,1394,0,0,1,2
16,1,22,1090,0,0,1,2
16,1,23,808,1,1,1,3
16,1,24,1370,1,1,1,2
16,1,25,724,1,1,1,1
16,1,26,534,1,1,1,1
16,1,27,798,0,0,1,2
16,1,28,1752,0,0,1,2
16,1,29,2234,0,0,1,3
16,1,30,1730,0,0,1,3
16,2,1,2072,1,1,1,1
16,2,2,1218,0,0,1,2
16,2,3,1138,1,1,1,2
16,2,4,754,1,1,1,1
16,2,5,1922,1,1,1,3
16,2,6,1114,0,0,1,1
16,2,7,1732,0,0,1,2
16,2,8,872,1,1,1,1
16,2,9,1500,1,1,1,3
16,2,10,792,1,1,1,1
16,2,11,1356,0,0,1,1
16,2,12,742,1,1,1,3
16,2,13,1552,0,0,1,2
16,2,14,926,0,0,1,1
16,2,15,1396,0,0,1,1
16,2,16,1706,0,0,1,3
16,2,17,1982,0,0,1,3
16,2,18,1728,0,0,1,3
16,2,19,2004,1,1,1,3
16,2,20,1054,1,1,1,2
16,2,21,1366,0,0,1,3
16,2,22,1712,0,0,1,3
16,2,23,1958,0,1,0,3
16,2,24,1274,1,1,1,2
16,2,25,1398,1,1,1,2
16,2,26,2740,0,0,1,2
16,2,27,1008,1,1,1,2
16,2,28,1782,0,0,1,2
16,2,29,1108,1,1,1,1
16,2,30,1126,0,0,1,1
16,3,1,4908,0,0,1,3
16,3,2,1892,0,0,1,1
16,3,3,1208,0,0,1,2
16,3,4,1576,1,1,1,3
16,3,5,756,1,1,1,2
16,3,6,1372,0,0,1,1
16,3,7,1378,1,1,1,2
16,3,8,3194,0,0,1,3
16,3,9,1458,1,1,1,2
16,3,10,1474,1,1,1,3
16,3,11,1160,0,0,1,1
16,3,12,1286,0,0,1,2
16,3,13,1000,0,0,1,2
16,3,14,798,1,1,1,1
16,3,15,1424,0,0,1,3
16,3,16,2172,1,1,1,3
16,3,17,746,1,1,1,1
16,3,18,1034,0,0,1,1
16,3,19,798,1,1,1,1
16,3,20,1786,0,0,1,3
16,3,21,1200,0,0,1,2
16,3,22,1514,1,1,1,3
16,3,23,1004,1,1,1,2
16,3,24,1602,1,1,1,3
16,3,25,1284,1,1,1,2
16,3,26,5302,0,0,1,3
16,3,27,758,1,1,1,1
16,3,28,1262,0,0,1,2
16,3,29,1026,0,0,1,1
16,3,30,934,1,1,1,1
16,4,1,2108,1,1,1,2
16,4,2,728,1,1,1,2
16,4,3,1578,0,0,1,2
16,4,4,3084,0,0,1,3
16,4,5,878,1,1,1,3
16,4,6,2242,0,0,1,3
16,4,7,810,1,1,1,3
16,4,8,698,1,1,1,2
16,4,9,1096,0,0,1,2
16,4,10,1300,0,0,1,1
16,4,11,1044,1,1,1,3
16,4,12,772,1,1,1,3
16,4,13,978,1,1,1,1
16,4,14,2164,0,0,1,3
16,4,15,1132,0,0,1,2
16,4,16,804,0,0,1,1
16,4,17,1184,0,0,1,2
16,4,18,874,1,1,1,1
16,4,19,1060,1,1,1,2
16,4,20,830,0,0,1,1
16,4,21,668,1,1,1,1
16,4,22,604,0,0,1,1
16,4,23,2004,0,0,1,3
16,4,24,1204,0,0,1,2
16,4,25,1504,1,1,1,3
16,4,26,658,1,1,1,1
16,4,27,602,1,1,1,1
16,4,28,562,1,1,1,2
16,4,29,1604,0,0,1,3
16,4,30,870,0,0,1,1
16,5,1,1846,1,1,1,3
16,5,2,1696,1,1,1,3
16,5,3,1174,1,1,1,2
16,5,4,578,1,1,1,1
16,5,5,1956,0,0,1,1
16,5,6,922,1,1,1,3
16,5,7,2456,0,0,1,3
16,5,8,570,1,1,1,2
16,5,9,588,1,1,1,1
16,5,10,2364,0,0,1,3
16,5,11,822,0,0,1,1
16,5,12,774,0,0,1,1
16,5,13,828,0,0,1,2
16,5,14,1340,0,0,1,2
16,5,15,744,1,1,1,1
16,5,16,808,1,1,1,2
16,5,17,1202,0,0,1,2
16,5,18,628,1,1,1,1
16,5,19,1032,1,1,1,3
16,5,20,1586,0,0,1,3
16,5,21,982,0,0,1,1
16,5,22,1086,0,0,1,2
16,5,23,802,0,0,1,2
16,5,24,878,0,1,0,3
16,5,25,768,1,1,1,1
16,5,26,2374,1,1,1,2
16,5,27,624,1,1,1,2
16,5,28,2988,0,0,1,3
16,5,29,4096,0,0,1,3
16,5,30,1100,0,0,1,1
